ID,HeroID,Name,Rank,Level,EmpowerLevel,Rarity,Affinity,Faction,UsedT1MasScrolls,UnUsedT1MasScrolls,UsedT2MasScrolls,UnUsedT2MasScrolls,UsedT3MasScrolls,UnUsedT3MasScrolls,HP,ATK,DEF,CritRate,CritDamage,SPD,ACC,RES,BlessingID,BlessingGrade,BooksMissing
232,8466,Hierophant Lazarius,6,60,0,6,1,6,0,100,0,600,0,950,65625,2408.23999023438,2768.43994140625,33,125,240.449996948242,406,116,0,0,6
239,8226,Gharol Bloodmaul,6,60,0,6,3,8,0,100,0,600,0,950,45988.6015625,2868.32006835938,2136.93994140625,107,168,191,143,84,0,0,10
14762,10736,Dorothy Gale,6,60,0,5,3,1,0,100,0,600,0,950,43313,2177.65991210938,3082.47998046875,21,50,229.53498840332,380,66,4101,3,10
6868,10596,Talenna Soulseer,6,60,0,5,3,2,0,100,0,600,0,950,74975.203125,2566.60009765625,3048.7900390625,52,60,253.649993896484,226,75,4101,3,12
212,9946,Michelangelo,6,60,0,5,3,1,0,100,0,600,0,950,36748,5500.39990234375,1579.84997558594,50,179,191.384994506836,182,73,5201,2,10
242,10276,Ezio Auditore,6,60,0,5,3,3,0,100,0,600,0,950,33136.80078125,4990.740234375,1574.56005859375,72,238.25,191,186,72,4101,2,12
234,10126,Xenomorph,6,60,0,5,1,11,0,100,0,600,0,950,43664.5,3062.90014648438,2489,96,170,224.535980224609,395,30,4101,2,10
84,8586,Rathalos Blademaster,6,60,0,5,2,1,0,100,0,600,0,950,37837.55078125,3947.09985351562,1657.81994628906,100,153,194,241,30,1301,1,0
70,1756,Lyssandra,6,60,0,5,3,2,0,100,0,600,0,950,83162.203125,1607.90002441406,2236.73999023438,26,98,278.299987792969,374,72,2102,1,0
54,7986,Sun Wukong,6,60,0,5,3,7,0,100,0,600,0,950,30086.75,3516.81982421875,2024.07995605469,38,105,169.5,223,62,4101,1,0
37,7866,Artak,6,60,0,5,1,8,0,100,0,600,0,950,50828.796875,1915,2199.10986328125,101,242,180.25,392,106,1202,1,0
65,5016,Scyl of the Drakes,6,60,0,5,1,13,0,100,0,600,0,950,47544,1717.2900390625,3841.919921875,25,83,247.649993896484,498,96,4101,1,2
13075,3566,Arbiter,6,60,0,5,4,2,0,100,0,600,0,950,68650.84375,1515,1957.32006835938,45,75,217.649993896484,300,101,0,0,0
4571,5786,Astralon,6,60,0,5,1,3,0,100,0,600,0,950,27539.650390625,4104.66015625,1358.84997558594,65,166,157,121,70,0,0,13
99,1446,Prince Kymar,6,60,0,5,1,9,0,100,0,600,0,950,48221.796875,2058.0400390625,2672.89990234375,25,81,223.981491088867,301,75,0,0,0
96,5116,Visix the Unbowed,6,60,0,5,4,11,0,100,0,600,0,950,32033.75,1246.47998046875,3709.16015625,26,72,174.154998779297,135,103,0,0,0
9484,10586,Haggibah the Nestmaid,6,60,0,5,2,11,0,100,0,600,0,950,68652.515625,1079.34997558594,1958.46997070313,94,82,196,182,99,0,0,10
14551,10676,Khamir Scald-eye,6,58,0,5,1,5,0,100,0,600,287,200,47434.80078125,1483.17993164062,2829.39990234375,50,50,241.649993896484,197,69,0,0,8
15597,10716,The Cowardly Lion,6,41,0,5,1,7,100,0,551,0,0,0,29783.59765625,1429.11999511719,3042.30004882812,71,95,198.25,150,103,0,0,10
13353,6475,Wythir the Crowned,6,41,0,5,2,9,100,0,313,0,0,0,70691.3515625,1391.84997558594,1511.75,32,79,211,106,62,0,0,8
9432,10605,Vallaryn the Equalizer,5,50,0,5,1,10,0,0,0,0,0,0,29023.150390625,3310.6298828125,1992.56005859375,101,111,215.899993896484,246,116,4101,5,12
2147,9335,Skeletor,5,50,0,5,3,12,0,0,0,0,0,0,53990,2152.39990234375,1869.36999511719,21,99,191,197,144,4101,5,13
4574,10565,Folan Silverhart,5,50,0,5,3,14,0,100,0,600,158,400,28805,3281.16015625,1596.0400390625,102,140.25,188.270004272461,158,149,5201,5,11
109,8815,Chronicler Adelyn,5,50,0,5,2,1,0,0,0,0,0,0,29261.94921875,1713.73999023438,1274.97998046875,15,50,100,60,40,4101,2,11
165,9495,Alice the Wanderer,5,50,0,5,1,3,0,100,0,600,350,600,27586.05078125,2781.80004882813,1454.17993164062,101,155,153,127,50,4101,2,12
135,9165,Loki the Deceiver,5,50,0,5,3,13,0,0,0,0,0,0,38807.25,1994.72998046875,2282.55004882813,25,75,133.75,176,50,4101,2,10
202,9815,Leminisi the Gold-wing,5,50,0,5,2,14,0,0,0,0,0,0,25791.69921875,2753.60009765625,1327.9599609375,65,94,166.899993896484,89,80,5201,2,11
8818,8945,Mathias Blackflail,5,50,0,5,2,3,0,0,0,0,0,0,53400.19921875,1107.11999511719,1525.5,39,75,188,120,70,2201,1,9
4,7365,Ronda,5,50,0,5,1,1,0,0,0,0,0,0,22157.900390625,1765.88000488281,946,59,155,122.050003051758,171,60,0,0,10
15576,10130,Kroz Wallbreaker,5,50,0,5,3,5,0,0,0,0,0,0,14073,1134.30004882812,909,15,50,105,50,30,0,0,11
263,9365,Craklin the Blackened,5,50,0,5,2,5,0,0,0,0,0,0,23083.400390625,825.960021972656,1275.93994140625,15,50,108.900001525879,70,56,0,0,13
4533,6715,Guurda Bogbrew,5,50,0,5,2,5,0,0,0,0,0,0,18080,793.799987792969,1146,15,50,97,40,30,0,0,11
14553,1160,Rhazin Scarhide,5,50,0,5,2,6,0,0,0,0,0,0,15262,903.580017089844,1057,15,50,86,40,30,0,0,12
3188,6235,Cleopterix,5,50,0,5,3,7,0,0,0,0,0,0,13813.400390625,1354.85998535156,997.25,15,50,102,50,30,0,0,13
3187,7235,Arix,5,50,0,5,1,12,0,0,0,0,0,0,23489,825.799987792969,1443.5,15,66,108.900001525879,110,60,0,0,11
4555,9595,Arashi the Riptide,5,50,0,5,3,15,0,0,0,0,0,0,36462.69921875,1039.5,1575.40002441406,71,79,219,89,59,0,0,14
13352,6895,Karato Foxhunter,5,50,0,5,3,15,0,0,0,0,0,0,22965.69921875,1973.25,1059.90002441406,19,77,138,50,68,0,0,12
153,9330,Skeletor,5,29,0,5,3,12,0,0,0,0,0,0,15206,711.47998046875,723,15,50,98,50,30,0,0,13
14555,10590,Talenna Soulseer,5,17,0,5,3,2,0,0,0,0,0,0,12454,562.059997558594,753,15,50,105,50,30,0,0,12
30,1216,Husk,6,60,0,4,2,10,0,100,0,600,0,950,69043.5,2163.96997070313,2231.19995117187,79,110,176.800003051758,127,114,1202,4,0
5160,136,Royal Guard,6,60,0,4,1,2,0,100,0,600,0,950,35167.8984375,2992.19995117188,1404.17004394531,42,101,136,131,38,1301,2,0
78,5626,Ursala the Mourner,6,60,0,4,4,1,0,100,0,600,0,950,36478,1808.05004882813,2324.1201171875,40,70,170,89,188,0,1,0
9322,2406,Warcaster,6,60,0,4,4,1,0,100,0,600,0,950,53891.796875,1575.25,1826.75,44,90,186,211,94,1202,1,0
4056,3876,Deacon Armstrong,6,60,0,4,3,3,0,100,0,600,0,950,55604.1015625,2142.2099609375,2155.78002929687,48,70,203,318,159,1202,1,0
8808,5606,Uugo,6,60,0,4,1,5,0,100,0,600,0,950,58785,1364.32006835938,2293.85009765625,26,72,221.594985961914,274,84,1202,1,0
179,7626,Akemtum,6,60,0,4,4,7,0,100,0,600,0,950,34716.6015625,3572.84008789063,1545.43994140625,68,88,192,129,96,1202,1,0
210,4966,Vogoth,6,60,0,4,3,10,0,100,0,600,0,950,40292.80078125,1328.56005859375,1685.09997558594,20,60,99.2350006103516,156,40,1202,1,0
98,1126,Seeker,6,60,0,4,1,10,0,100,0,600,0,950,35871.3515625,1700.33996582031,1943.28002929687,27,98,184,98,139,1202,1,0
261,3886,Sepulcher Sentinel,6,60,0,4,2,12,0,100,0,600,0,950,30387.55078125,1282.06005859375,1898.52001953125,20,92,115,51,146,1202,1,0
14783,5306,Fayne,6,60,0,4,3,7,0,100,0,600,86,600,26945.19921875,4665.08984375,1424.47998046875,72,89,212,149,59,0,0,15
12178,2806,Doompriest,6,60,0,4,2,12,0,100,0,600,0,950,52146.6015625,2015.40002441406,2024,20,72,221,249,69,0,0,0
12124,4815,Rector Drath,5,50,0,4,2,12,0,0,0,0,0,0,24330.5,1724.60009765625,1658.52001953125,15,71,102,80,30,4301,3,0
180,6055,Burangiri,5,50,0,4,2,15,0,100,0,600,20,200,32145.275390625,1701.25,3085.1201171875,83,65,178.695007324219,113,221,4302,3,0
8829,5965,Giscard the Sigiled,5,50,0,4,3,1,0,0,0,0,0,0,20869.80078125,1237.71997070312,1433.52001953125,15,76,96,60,30,1202,2,12
3189,6533,Lady Eresh,5,50,0,4,2,12,0,0,0,0,0,0,18803,1806.38000488281,823,15,50,96,40,30,1301,2,9
13094,4855,Skraank,5,50,0,4,4,5,0,100,59,480,0,0,18057,1317.19995117188,1000.79998779297,15,55,111.5,49,38,1301,1,7
141,5545,Achak the Wendarin,5,50,0,4,2,9,0,0,0,0,0,0,32260.80078125,1140.39990234375,1289,26,62,163,208,81,1202,1,15
225,6495,Thylessia,5,50,0,4,2,12,0,0,0,0,0,0,18527.650390625,1597.71997070313,932.739990234375,15,83,106.699996948242,78,39,1202,1,13
13,4015,High Khatun,5,50,0,4,3,13,0,0,0,0,0,0,27328.75,1195.9599609375,2080.97998046875,45,54,192,81,45,1202,1,11
8803,3255,Alika,5,50,0,4,2,13,0,0,0,0,0,0,23529.099609375,1415.68005371094,1033.32006835938,15,143,117.099998474121,75,30,1301,1,20
230,9445,Wysteri Vineguard,5,50,0,4,4,14,0,0,0,0,0,0,20042,1332.15002441406,862.280029296875,15,62,99,0,42,1301,1,10
5159,6355,Conellia,5,50,0,4,1,16,0,0,0,0,0,0,23049.94921875,732.820007324219,1152,15,62,102,112,41,0,1,11
3936,4945,Mordecai,5,50,0,4,2,3,0,0,0,0,0,0,26784.3984375,1514.14001464844,1682.40002441406,20,61,171,158,151,0,0,0
12132,5693,Sanguinia,5,50,0,4,1,3,0,0,0,0,0,0,18908,714.679992675781,1080,15,50,98,95,45,0,0,12
3949,2455,Galkut,5,50,0,4,3,5,0,0,0,0,0,0,11359,1514.41003417969,1106,15,76,100,60,82,0,0,12
6846,9745,Yuzan the Marooned,5,50,0,4,4,7,0,0,0,0,0,0,30528.25,738.400024414062,1609.28002929687,21,71,169,17,41,0,0,11
117,3015,Reinbeast,5,50,0,4,2,7,0,0,0,0,0,0,18310.099609375,764.97998046875,1367.10998535156,15,50,105,132,50,0,0,10
4741,3545,Snorting Thug,5,50,0,4,2,7,0,0,0,0,0,0,40264,1083.080078125,1337.09997558594,27,119,152,140,63,0,0,11
3945,4095,Sandlashed Survivor,5,50,0,4,3,8,0,0,0,0,0,0,20180.849609375,1232.59997558594,2473.39990234375,88,68,156,111,84,0,0,10
8759,5684,Dhukk the Pierced,5,50,0,4,1,8,0,0,0,0,0,0,19357,1209.65002441406,2254.64990234375,15,76,157,105,49,0,0,12
174,2345,Hellgazer,5,50,0,4,3,9,0,0,0,0,0,0,20154,2607.52001953125,821.780029296875,84,104,180.699996948242,90,83,0,0,9
75,5095,Tainix Hateflower,5,50,0,4,2,9,0,0,0,0,0,0,31626.5,1452.28002929687,1149.43994140625,25,62,213.5,161,58,0,0,10
3191,6735,Scion,5,50,0,4,1,9,0,0,0,0,0,0,16539.400390625,2380.9599609375,1233.56005859375,22,83,156.199996948242,132,40,0,0,10
5941,615,Zelotah,5,50,0,4,3,10,0,0,0,0,0,0,21939.80078125,832.929992675781,1038,15,50,95,61,51,0,0,14
45,4995,Dark Elhain,5,50,0,4,1,10,0,0,0,0,0,0,17171.5,1410.0400390625,840.5,15,50,103.400001525879,100,41,0,0,9
5156,4555,Fang Cleric,5,50,0,4,3,11,0,0,0,0,0,0,21170.94921875,867.119995117187,1060.67993164062,15,50,98,70,30,0,0,12
129,593,Spider,5,50,0,4,2,11,0,0,0,0,0,0,19826,1153.61999511719,767,15,50,91,60,30,0,0,14
13350,3775,Captain Temila,5,50,0,4,1,11,0,0,0,0,0,0,17641,843.599975585938,988,15,50,96,80,30,0,0,10
8828,4125,Bergoth the Malformed,5,50,0,4,3,12,0,0,0,0,0,0,22604.400390625,632.200012207031,1062,15,50,95,70,30,0,0,10
43,3473,Atur,5,50,0,4,1,13,0,0,0,0,0,0,21774,1012.40997314453,1897.80004882813,15,50,115,146,30,0,0,10
3935,7425,Duedan the Runic,5,50,0,4,2,14,0,0,0,0,0,0,20095.099609375,839.859985351562,1157.52001953125,15,69,97,92,53,0,0,10
7084,7805,Locwain,5,50,0,4,1,14,0,0,0,0,0,0,14306.599609375,1867.43994140625,991.760009765625,30,61,105,120,76,0,0,13
160,6045,Genbo the Dishonored,5,50,0,4,4,15,0,0,0,0,0,0,19767,2424,1104.67993164062,58,98,181.899993896484,28,88,0,0,15
83,7325,Suiren,5,50,0,4,2,15,0,0,0,0,0,0,18948,2121.65991210938,1382.82995605469,27,102,167,108,41,0,0,15
8800,6023,Hotatsu,5,50,0,4,1,15,0,0,0,0,0,0,16038,704.380004882813,1227.34997558594,15,50,96,100,30,0,0,15
93,4205,Runekeeper Dazdurk,5,50,0,4,4,16,0,0,0,0,0,0,21732,683,1178.419921875,15,61,107.800003051758,42,39,0,0,10
80,4165,Rock Breaker,5,50,0,4,3,16,0,0,0,0,0,0,17842,673.440002441406,1446.64001464844,15,60,91,70,69,0,0,11
81,5395,Melga Steelgirdle,5,50,0,4,3,16,0,0,0,0,0,0,21865.80078125,886.599975585938,981.910034179688,15,57,100,50,41,0,0,7
2135,7555,Morag Bronzelock,5,50,0,4,3,16,0,0,0,0,0,0,17654,821.449951171875,1334.60998535156,15,62,99,50,30,0,0,9
15755,5050,Archmage Hellmut,5,1,0,4,1,1,0,0,0,0,0,0,9241,466.519989013672,523,15,50,101,80,30,0,0,13
15724,1744,Zargala,5,1,0,4,2,8,0,0,0,0,0,0,8638,703.340026855469,412,15,50,103,40,30,0,0,15
15582,6485,Duhr the Hungerer,5,1,0,4,3,9,0,0,0,0,0,0,9800,600.9599609375,558,15,50,95,50,30,0,0,0
15751,3460,Kallia,5,1,0,4,2,13,0,0,0,0,0,0,6791,829.380004882813,425,15,50,106,40,30,0,0,13
4751,1154,Broadmaw,4,40,0,4,4,6,0,0,0,0,0,0,30018.650390625,1546.16003417969,954.799987792969,15,66,205,58,59,4301,2,11
7,3243,Jizoh,4,40,0,4,3,6,0,0,0,0,0,0,18387,754.839965820312,1886.47998046875,60,61,155,50,92,1202,1,12
4584,1643,Nazana,4,40,0,4,2,9,0,0,0,0,0,0,18518,598.940002441406,647,15,50,103,40,30,1202,1,13
8801,6870,Lady Quilen,4,40,0,4,2,1,0,0,0,0,0,0,8821,907.640014648438,516,15,50,101,40,30,0,0,12
14554,3790,Chancellor Yasmin,4,40,0,4,2,1,0,0,0,0,0,0,9809,687.080017089844,669,15,50,102,40,30,0,0,12
57,5000,Lordly Legionary,4,40,0,4,1,1,0,0,0,0,0,0,9150,804.97998046875,595,15,50,96,80,30,0,0,9
12143,3020,Jinglehunter,4,40,0,4,3,2,0,0,0,0,0,0,9900,885.280029296875,516,15,50,101,50,30,0,0,14
237,304,Thenasil,4,40,0,4,2,2,0,0,0,0,0,0,12545,663.079956054687,757.849975585938,15,50,98,40,30,0,0,13
4572,300,Thenasil,4,40,0,4,2,2,0,0,0,0,0,0,11662,612.880004882813,676,15,50,98,40,30,0,0,13
8845,7970,Ilysinya,4,40,0,4,2,2,0,0,0,0,0,0,13444,472.619995117188,704,15,50,98,40,30,0,0,11
19,7543,Endalia,4,40,0,4,1,2,0,0,0,0,0,0,13325,479.739990234375,755,15,50,100,80,30,0,0,14
58,3430,Fenax,4,40,0,4,3,3,0,0,0,0,0,0,9187,909.580017089844,652,15,50,96,65,45,0,0,13
264,6680,Anchorite,4,40,0,4,3,3,0,0,0,0,0,0,12493,710.599975585938,629,15,50,96,65,45,0,0,7
152,3210,Missionary,4,40,0,4,2,3,0,0,0,0,0,0,12137,653.760009765625,708,15,50,96,55,45,0,0,13
4558,4940,Mordecai,4,40,0,4,2,3,0,0,0,0,0,0,8494,853.739990234375,755,15,50,93,55,45,0,0,13
4761,2910,Relickeeper,4,40,0,4,2,3,0,0,0,0,0,0,9425,860.859985351562,684,15,50,90,55,45,0,0,8
194,2570,Adriel,4,40,0,4,1,3,0,0,0,0,0,0,12018,734.960021972656,636,15,50,98,95,45,0,0,13
159,5574,Prundar,4,40,0,4,4,5,0,0,0,0,0,0,12374,428,893,15,50,95,0,30,0,0,20
85,5103,Ghrush the Mangler,4,40,0,4,3,5,0,0,0,0,0,0,13687,462.019989013672,889.950012207031,15,50,94,70,30,0,0,15
3190,5714,Ceez,4,40,0,4,2,5,0,0,0,0,0,0,14633,1553.59997558594,829.4599609375,37,62,140,89,41,0,0,11
4170,7270,Lorn the Cutter,4,40,0,4,1,5,0,0,0,0,0,0,10138,863.940002441406,523,15,50,98,80,30,0,0,9
4171,1340,Jarang,4,40,0,4,1,6,0,0,0,0,0,0,7631,967.599975585938,538,15,50,100,80,30,0,0,13
3932,8174,Fren'zi the Cackler,4,40,0,4,4,7,0,0,0,0,0,0,11229,472,944.599975585938,15,50,100,0,30,0,0,13
5157,8501,Bovos Sharphorn,4,40,0,4,3,7,0,0,0,0,0,0,11657,524.4599609375,726,15,50,98,50,30,0,0,10
23,4020,Yaga the Insatiable,4,40,0,4,2,7,0,0,0,0,0,0,9479,796.859985351562,581,15,50,95,40,30,0,0,15
3934,2680,Ripper,4,40,0,4,2,7,0,0,0,0,0,0,9809,760.260009765625,595,15,50,96,40,30,0,0,12
4544,6500,Scabrius,4,40,0,4,1,7,0,0,0,0,0,0,8070,804.97998046875,669,15,50,95,80,30,0,0,14
13576,2670,Flesh-Tearer,4,40,0,4,1,7,0,0,0,0,0,0,11108,612.880004882813,654,15,50,89,80,30,0,0,11
213,6370,Tolf the Maimed,4,40,0,4,4,8,0,0,0,0,0,0,14114.150390625,510,734,15,50,94,0,30,0,0,10
7605,7560,Trumborr,4,40,0,4,3,8,0,0,0,0,0,0,11218,472.619995117188,784,15,50,99,50,30,0,0,9
8825,1660,Vrask,4,40,0,4,3,8,0,0,0,0,0,0,16077.099609375,546.820007324219,761.059997558594,15,50,97,50,30,0,0,8
7050,1870,Bloodfeather,4,40,0,4,2,8,0,0,0,0,0,0,8793.2001953125,1003.38000488281,631,15,50,102,40,30,0,0,11
15728,2080,Bonekeeper,4,40,0,4,2,8,0,0,0,0,0,0,8542,1098.90002441406,577,15,50,98,40,30,0,0,13
22,5090,Tainix Hateflower,4,40,0,4,2,9,0,0,0,0,0,0,11088,796.900024414062,588,15,50,95,40,30,0,0,10
15583,5490,Balthus Drauglord,4,40,0,4,3,10,0,0,0,0,0,0,11899,590.820007324219,726,15,50,97,50,30,0,0,15
3955,3650,Defiled Sinner,4,40,0,4,2,10,0,0,0,0,0,0,11780,773.539978027344,566,15,50,94,40,30,0,0,12
4252,2280,Hexia,4,40,0,4,2,10,0,0,0,0,0,0,11620,1694.919921875,775.140014648438,59,87,142.639999389648,49,48,0,0,10
4573,3650,Defiled Sinner,4,40,0,4,2,10,0,0,0,0,0,0,11780,773.539978027344,566,15,50,94,40,30,0,0,12
34,4030,Dark Athel,4,40,0,4,1,10,0,0,0,0,0,0,9187,925.820007324219,588,15,50,100,80,30,0,0,13
7597,6930,Theresc,4,40,0,4,2,11,0,0,0,0,0,0,10850,834.460021972656,509,15,50,97,40,30,0,0,15
105,7183,Phranox,4,40,0,4,3,12,0,0,0,0,0,0,11191.599609375,1214.81005859375,638.919982910156,15,55,152,128,74,0,0,15
12174,1600,Kytis,4,40,0,4,3,12,0,0,0,0,0,0,9781,694.200012207031,711,15,50,95,50,30,0,0,13
5158,2780,Crypt Witch,4,40,0,4,1,12,0,0,0,0,0,0,9900,827.340026855469,573,15,50,98,80,30,0,0,13
7607,4013,High Khatun,4,40,0,4,3,13,0,0,0,0,0,0,10969,701.47998046875,755,15,50,97,50,30,0,0,11
13351,4610,Valla,4,40,0,4,3,13,0,0,0,0,0,0,10850,510.619995117188,864,15,50,99,50,30,0,0,10
112,3263,Sikara,4,40,0,4,1,13,0,0,0,0,0,0,22028.25,794.200012207031,994.140014648438,15,84,165,222,81,0,0,18
7595,3260,Sikara,4,40,0,4,1,13,0,0,0,0,0,0,12731,525.859985351562,733,15,50,101,80,30,0,0,18
12179,2580,Jotunn,4,40,0,4,1,13,0,0,0,0,0,0,10019,661.880004882813,777,15,50,93,80,30,0,0,13
4554,7420,Duedan the Runic,4,40,0,4,2,14,0,0,0,0,0,0,12018,539.700012207031,726,15,50,97,40,30,0,0,10
7030,4200,Runekeeper Dazdurk,4,40,0,4,4,16,0,0,0,0,0,0,13325,406,770,15,50,98,0,30,0,0,10
12142,10610,Xanthe Seaflower,4,40,0,4,2,17,0,0,0,0,0,0,11108,472.619995117188,792,15,50,97,40,30,0,0,11
15653,10340,Tidemaster Dexikos,4,40,0,4,1,17,0,0,0,0,0,0,12755,531.579956054687,625,15,50,100,80,30,0,0,10
15570,3430,Fenax,4,15,0,4,3,3,0,0,0,0,0,0,6534,646.660034179688,464,15,50,96,65,45,0,0,13
13563,4940,Mordecai,4,15,0,4,2,3,0,0,0,0,0,0,6038,607.059997558594,538,15,50,93,55,45,0,0,13
14552,2910,Relickeeper,4,15,0,4,2,3,0,0,0,0,0,0,6712,614.160034179688,487,15,50,90,55,45,0,0,8
15577,2140,Canoness,4,15,0,4,1,3,0,0,0,0,0,0,8137,385.760009765625,616,15,50,98,95,45,0,0,12
15737,2140,Canoness,4,15,0,4,1,3,0,0,0,0,0,0,8137,385.760009765625,616,15,50,98,95,45,0,0,12
12436,5600,Uugo,4,15,0,4,1,5,0,0,0,0,0,0,8969,315.079986572266,559,15,50,102,80,30,0,0,16
15753,1310,Terrorbeast,4,15,0,4,3,8,0,0,0,0,0,0,8766,467.540008544922,377,15,50,93,50,30,0,0,13
15575,5540,Achak the Wendarin,4,15,0,4,2,9,0,0,0,0,0,0,7979,448.700012207031,522,15,50,94,40,30,0,0,15
15745,610,Zelotah,4,15,0,4,3,10,0,0,0,0,0,0,9563,397.940002441406,471,15,50,95,50,30,0,0,14
8802,6930,Theresc,4,15,0,4,2,11,0,0,0,0,0,0,7722,593.579956054687,362,15,50,97,40,30,0,0,15
14612,3280,Golden Reaper,4,15,0,4,4,12,0,0,0,0,0,0,8633,492,398,15,50,104,0,30,0,0,12
15726,6490,Thylessia,4,15,0,4,2,12,0,0,0,0,0,0,5880,620,450,15,50,97,40,30,0,0,13
13558,7320,Suiren,4,15,0,4,2,15,0,0,0,0,0,0,6791,546.820007324219,465,15,50,99,40,30,0,0,10
15752,6850,Kunoichi,4,15,0,4,2,15,0,0,0,0,0,0,8296,347.600006103516,569,15,50,99,40,30,0,0,12
3933,2816,Bellower,6,60,0,3,4,5,0,100,0,600,0,950,27959,2711.4599609375,1687.81994628906,80,93,123.38500213623,75,66,1301,3,0
5,1106,Gnarlhorn,6,60,0,3,3,7,0,100,0,600,0,950,43548.80078125,1831.9599609375,1437.07995605469,41,98,142.600006103516,105,86,1301,1,0
127,1485,Galek,5,50,0,3,1,8,0,0,0,0,0,0,20501,2036,1568.9599609375,67,89,181.300003051758,107,56,1301,3,0
130,3625,Reliquary Tender,5,50,0,3,4,2,0,0,0,0,0,0,31082.19921875,1838.94995117187,2030.15991210938,63,83,210.899993896484,142,71,4301,2,0
4552,4505,Frozen Banshee,5,50,0,3,1,10,0,0,0,0,0,0,16031,1560.7099609375,1024.09997558594,15,50,102,87,37,1301,2,13
1,1515,Kael,5,50,0,3,1,11,0,0,0,0,0,0,21152,2221,1276.56005859375,47,63,162,119,47,1301,2,0
4040,1495,Elhain,5,50,0,3,1,2,0,0,0,0,0,0,17153,1254.65991210938,802,15,56,110,87,46,1301,1,3
103,5405,Geargrinder,5,50,0,3,4,5,0,0,0,0,0,0,26335.25,871.549987792969,898,15,67,98,7,37,4301,1,0
15,1895,Paragon,5,50,0,3,4,11,0,0,0,0,0,0,23437,953.799987792969,1861.59008789062,36,151,134.800003051758,47,65,1301,1,0
124,5895,Lifetaker,5,50,0,3,1,15,0,0,0,0,0,0,18763,1085.19995117188,695,15,50,102,87,37,1301,1,0
933,35,Apothecary,5,50,0,3,1,2,0,0,0,0,0,0,17846.900390625,846.640014648438,1407.11999511719,15,50,114.099998474121,107,66,0,0,0
205,8315,Meatcarver Tolog,5,50,0,3,2,7,0,0,0,0,0,0,21633,640.559997558594,976,15,50,98,47,56,0,0,5
4551,2435,Totem,5,50,0,3,3,8,0,0,0,0,0,0,14664.400390625,1011.58001708984,1027.69995117188,15,50,97,77,37,0,0,11
6850,425,Renegade,5,50,0,3,4,12,0,100,0,600,188,200,18939.94921875,1126,790,20,60,115,15,37,0,0,9
86,5875,Fanatic,5,50,0,3,4,15,0,0,0,0,0,0,27938.80078125,1175.73999023438,1620.77001953125,32,60,147,112,113,0,0,8
6,6075,Vagabond,5,50,0,3,3,15,0,0,0,0,0,0,12661,1150.15991210938,1021,15,50,97,88,37,0,0,12
15129,1460,Hound Spawn,5,17,0,3,2,9,0,0,0,0,0,0,8078,842.580017089844,500,15,50,96,47,37,0,0,15
187,6164,Mycolus,4,40,0,3,4,5,0,0,0,0,0,0,13982,1062,1048,15,73,96,7,37,4302,4,9
4042,454,Valerie,4,40,0,3,1,1,0,0,0,0,0,0,12982,1120,700,15,50,96,87,37,4302,2,7
6861,8834,Teryx the Restless,4,40,0,3,4,6,0,0,0,0,0,0,18283,834.950012207031,1769.56005859375,51,88,143.949996948242,139,46,1301,1,8
3931,2774,Fellhound,4,40,0,3,4,9,0,0,0,0,0,0,12269,668,731,15,50,95,7,37,1301,1,5
38,4244,Painsmith,4,40,0,3,4,16,0,0,0,0,0,0,12475.599609375,920.590026855469,601.380004882813,15,50,103,27,52,1301,1,14
4044,10173,Acolyte of the Slither,4,40,0,3,3,17,0,0,0,0,0,0,13358,539.700012207031,617,15,50,102,50,30,1301,1,10
26,3164,Vanguard,4,40,0,3,4,1,0,0,0,0,0,0,10138,668,715,15,50,99,7,37,0,0,9
24,4053,Ogryn Jailer,4,40,0,3,2,5,0,0,0,0,0,0,7543,869.97998046875,676,15,50,102,47,37,0,0,14
10449,2300,Metalshaper,4,40,0,3,3,6,0,0,0,0,0,0,10613,566.4599609375,700,15,50,93,57,37,0,0,12
249,873,Bogwalker,4,40,0,3,2,6,0,0,0,0,0,0,16635.400390625,822.559997558594,1391.19995117188,44,75,167,128,37,0,0,13
138,2733,Skink,4,40,0,3,1,6,0,0,0,0,0,0,9068,869.97998046875,566,15,50,96,87,37,0,0,13
4563,1103,Gnarlhorn,4,40,0,3,3,7,0,0,0,0,0,0,10850,670,652,15,50,99,57,37,0,0,7
25,783,Graybeard,4,40,0,3,1,7,0,0,0,0,0,0,9781,653.760009765625,724,15,50,95,87,37,0,0,15
17,693,Ironclad,4,40,0,3,2,8,0,0,0,0,0,0,12137,661.880004882813,566,15,50,107,47,37,0,0,5
227,3093,Treefeller,4,40,0,3,2,8,0,0,0,0,0,0,8950,853.739990234375,596,15,50,98,47,37,0,0,14
171,2943,Marquess,4,40,0,3,3,9,0,0,0,0,0,0,11662,605.0400390625,660,15,50,92,57,37,0,0,15
215,5743,Abyssal,4,40,0,3,3,9,0,0,0,0,0,0,12256,559.339965820313,660,15,50,93,57,37,0,0,9
199,8331,Petrifya Rockroot,4,40,0,3,1,9,0,0,0,0,0,0,8950,796.900024414062,596,15,50,102,87,37,0,0,14
6853,3634,Amarantine Skeleton,4,40,0,3,4,10,0,0,0,0,0,0,12018,472,802,15,50,96,7,37,0,0,15
188,2903,Wanderer,4,40,0,3,3,11,0,0,0,0,0,0,8950,956.280029296875,487,15,50,99,57,37,0,0,11
29,3114,Centurion,4,40,0,3,4,12,0,0,0,0,0,0,10732,551,802,15,50,96,7,37,0,0,9
142,833,Berserker,4,40,0,3,3,13,0,0,0,0,0,0,10019,821.260009765625,566,15,50,101,57,37,0,0,0
253,9134,Branch-arm Lasair,4,40,0,3,4,14,0,0,0,0,0,0,12342.7998046875,643.5,709.900024414062,15,50,98,7,37,0,0,10
1925,7754,Shadowbow Tirlac,4,40,0,3,3,14,0,0,0,0,0,0,10879,550.219970703125,891.47998046875,15,50,98,57,37,0,0,11
197,4184,Bulwark,4,40,0,3,4,16,0,0,0,0,0,0,9425,582,857,15,50,100,7,52,0,0,11
254,5444,Kurzad Deepheart,4,40,0,3,4,16,0,0,0,0,0,0,10951,1549.30004882813,979.0400390625,55,76,153,62,46,0,0,16
241,5253,Avir the Alchemage,4,40,0,3,1,16,0,0,0,0,0,0,11207,598.940002441406,708,15,50,105,87,37,0,0,12
164,3160,Vanguard,3,11,0,3,4,1,0,0,0,0,0,0,4831,326,334,15,50,99,7,37,0,0,9
558,9470,Denid the Tusk Knight,3,11,0,3,4,1,0,0,0,0,0,0,4771,268,397,15,50,98,7,37,0,0,9
6863,10230,Silvain the Paramour,3,11,0,3,4,1,0,0,0,0,0,0,5009,409,240,15,50,104,7,37,0,0,8
9327,3160,Vanguard,3,11,0,3,4,1,0,0,0,0,0,0,4831,326,334,15,50,99,7,37,0,0,9
12127,3950,Steadfast Marshal,3,11,0,3,4,1,0,0,0,0,0,0,6376,290,268,15,50,93,7,37,0,0,6
163,140,Cataphract,3,11,0,3,3,1,0,0,0,0,0,0,5663,335,275,15,50,100,57,37,0,0,9
1953,7570,Riscarm,3,11,0,3,3,1,0,0,0,0,0,0,5365,236.520004272461,394,15,50,98,57,37,0,0,10
9559,800,Conquerer,3,11,0,3,3,1,0,0,0,0,0,0,4019,455.799987792969,268,15,50,102,57,37,0,0,14
12133,1940,Preserver,3,11,0,3,2,1,0,0,0,0,0,0,5306,263.940002441406,370,15,50,105,47,37,0,0,13
15260,3850,Bombardier,3,11,0,3,2,1,0,0,0,0,0,0,4079,415.200012207031,302,15,50,101,47,37,0,0,14
15579,6960,Spymaster,3,11,0,3,2,1,0,0,0,0,0,0,6257,263.940002441406,306,15,50,100,47,37,0,0,14
15779,5240,Quaestor,3,11,0,3,2,1,0,0,0,0,0,0,4415,399.959991455078,294,15,50,98,47,37,0,0,9
16349,2040,Courtier,3,11,0,3,2,1,0,0,0,0,0,0,4237,394.899993896484,310,15,50,95,47,37,0,0,13
236,6620,Misericord,3,11,0,3,1,1,0,0,0,0,0,0,3900,434.5,294,15,50,101,87,37,0,0,8
7591,150,Crossbowman,3,11,0,3,1,1,0,0,0,0,0,0,4594,359.359985351562,322,15,50,98,87,37,0,0,8
9214,2510,Grandmaster,3,11,0,3,1,1,0,0,0,0,0,0,4890,294.399993896484,366,15,50,103,87,37,0,0,12
12177,450,Valerie,3,11,0,3,1,1,0,0,0,0,0,0,5009,318.760009765625,334,15,50,96,87,37,0,0,9
13748,4660,Myrmidon,3,11,0,3,1,1,0,0,0,0,0,0,4831,272.059997558594,394,15,50,102,87,37,0,0,17
6849,3050,Interceptor,3,11,0,3,4,2,0,0,0,0,0,0,4950,290,361,15,50,87,7,37,0,0,11
12176,8320,Selinia Nightcloak,3,11,0,3,4,2,0,0,0,0,0,0,4415,397,290,15,50,103,7,37,0,0,14
50,6970,Medicus,3,11,0,3,3,2,0,0,0,0,0,0,5365,347.179992675781,282,15,50,104,57,37,0,0,12
1732,100,Hyria,3,11,0,3,3,2,0,0,0,0,0,0,3900,474.079986572266,256,15,50,104,57,37,0,0,10
4559,4890,Prosecutor,3,11,0,3,3,2,0,0,0,0,0,0,4534,403.019989013672,282,15,50,99,57,37,0,0,9
7176,2850,Magister,3,11,0,3,2,2,0,0,0,0,0,0,5782,298.460021972656,302,15,50,99,47,37,0,0,13
8833,390,Heiress,3,11,0,3,2,2,0,0,0,0,0,0,4118,359.359985351562,354,15,50,97,47,37,0,0,8
9554,390,Heiress,3,11,0,3,2,2,0,0,0,0,0,0,4118,359.359985351562,354,15,50,97,47,37,0,0,8
9,3360,Adjudicator,3,11,0,3,1,2,0,0,0,0,0,0,4475,390.839996337891,299,15,50,97,87,37,0,0,17
9446,30,Apothecary,3,11,0,3,1,2,0,0,0,0,0,0,5603,291.339996337891,322,15,50,104,87,37,0,0,10
15733,330,Avenger,3,11,0,3,1,2,0,0,0,0,0,0,4019,443.619995117188,278,15,50,107,87,37,0,0,14
6858,2220,Justiciar,3,11,0,3,4,3,0,0,0,0,0,0,4831,306,354,15,50,96,7,37,0,0,9
6859,5270,Draconis,3,11,0,3,4,3,0,0,0,0,0,0,5484,306,310,15,50,98,7,37,0,0,8
280,2060,Warpriest,3,11,0,3,3,3,0,0,0,0,0,0,5663,227.399993896484,382,15,50,95,57,37,0,0,11
2835,5260,Sanctum Protector,3,11,0,3,3,3,0,0,0,0,0,0,4950,276.119995117187,382,15,50,100,57,37,0,0,13
4051,2200,Judicator,3,11,0,3,3,3,0,0,0,0,0,0,3960,443.619995117188,282,15,50,107,57,37,0,0,14
4562,2460,Maiden,3,11,0,3,3,3,0,0,0,0,0,0,3841,427.380004882812,306,15,50,90,57,37,0,0,13
5909,5220,Headsman,3,11,0,3,3,3,0,0,0,0,0,0,3485,424.320007324219,334,15,50,103,57,37,0,0,10
7590,4370,Mother Superior,3,11,0,3,3,3,0,0,0,0,0,0,5246,330.940002441406,306,15,50,101,57,37,0,0,10
9561,510,Templar,3,11,0,3,3,3,0,0,0,0,0,0,5188,298.460021972656,342,15,50,95,57,37,0,0,10
13555,510,Templar,3,11,0,3,3,3,0,0,0,0,0,0,5188,298.460021972656,342,15,50,95,57,37,0,0,10
13559,510,Templar,3,11,0,3,3,3,0,0,0,0,0,0,5188,298.460021972656,342,15,50,95,57,37,0,0,10
13596,2190,Lamellar,3,11,0,3,2,3,0,0,0,0,0,0,6019,279.160003662109,306,15,50,96,47,37,0,0,8
15446,2180,Chaplain,3,11,0,3,2,3,0,0,0,0,0,0,5128,363.420013427734,282,15,50,100,47,37,0,0,6
66,1500,Athel,3,11,0,3,1,3,0,0,0,0,0,0,4534,354.299987792969,330,15,50,107,87,37,0,0,12
69,3040,Witness,3,11,0,3,1,3,0,0,0,0,0,0,4712,375.600006103516,299,15,50,99,87,37,0,0,12
1736,3400,Hospitaller,3,11,0,3,1,3,0,0,0,0,0,0,5484,351.239990234375,272,15,50,99,87,37,0,0,10
4055,6610,Castigator,3,11,0,3,1,3,0,0,0,0,0,0,5840,286.279998779297,310,15,50,98,87,37,0,0,8
16423,1503,Athel,3,11,0,3,1,3,0,0,0,0,0,0,4652,383.720001220703,330,15,50,107,87,37,0,0,12
6854,5400,Geargrinder,3,11,0,3,4,5,0,0,0,0,0,0,6078,268,310,15,50,98,7,37,0,0,11
113,640,Furystoker,3,11,0,3,3,5,0,0,0,0,0,0,4712,347.179992675781,326,15,50,103,57,37,0,0,8
4540,2410,Flesheater,3,11,0,3,3,5,0,0,0,0,0,0,4652,339.059997558594,338,15,50,97,57,37,0,0,9
14580,1610,Siegebreaker,3,11,0,3,3,5,0,0,0,0,0,0,4712,371.540008544922,302,15,50,93,57,37,0,0,14
16334,2410,Flesheater,3,11,0,3,3,5,0,0,0,0,0,0,4652,339.059997558594,338,15,50,97,57,37,0,0,9
7108,4050,Ogryn Jailer,3,11,0,3,2,5,0,0,0,0,0,0,3604,419.260009765625,330,15,50,102,47,37,0,0,14
7606,3920,Ruffstone,3,11,0,3,2,5,0,0,0,0,0,0,5306,419.260009765625,216,15,50,102,47,37,0,0,13
7670,670,Magmablood,3,11,0,3,2,5,0,0,0,0,0,0,4534,434.5,252,15,50,96,47,37,0,0,14
7596,2820,Pounder,3,11,0,3,1,5,0,0,0,0,0,0,4652,286.279998779297,389,15,50,98,87,37,0,0,8
8822,3100,Fortress Goon,3,11,0,3,1,5,0,0,0,0,0,0,5128,291.339996337891,354,15,50,93,87,37,0,0,12
11600,1000,Rocktooth,3,11,0,3,1,5,0,0,0,0,0,0,5188,375.600006103516,268,15,50,104,87,37,0,0,14
14562,5170,Wagonbane,3,11,0,3,1,5,0,0,0,0,0,0,5544,310.640014648438,306,15,50,100,87,37,0,0,17
32,6980,Cagebound,3,11,0,3,4,6,0,0,0,0,0,0,4712,268,401,15,50,98,7,37,0,0,10
13564,1130,Flinger,3,11,0,3,3,6,0,0,0,0,0,0,4118,403.019989013672,310,15,50,107,57,37,0,0,13
13556,890,Skullsworn,3,11,0,3,2,6,0,0,0,0,0,0,4237,427.380004882812,278,15,50,90,47,37,0,0,10
3711,880,Muckstalker,3,11,0,3,1,6,0,0,0,0,0,0,6434,298.460021972656,260,15,50,104,87,37,0,0,11
11273,2930,Slitherbrute,3,11,0,3,1,6,0,0,0,0,0,0,4296,412.140014648438,290,15,50,101,87,37,0,0,11
15283,2730,Skink,3,11,0,3,1,6,0,0,0,0,0,0,4356,419.260009765625,278,15,50,96,87,37,0,0,13
4241,5420,Panthera,3,11,0,3,4,7,0,0,0,0,0,0,4594,389,287,15,50,100,7,37,0,0,17
14550,2700,Bloodhorn,3,11,0,3,4,7,0,0,0,0,0,0,5425,287,334,15,50,92,7,37,0,0,6
56,2690,Grappler,3,11,0,3,3,7,0,0,0,0,0,0,4712,303.52001953125,370,15,50,97,57,37,0,0,15
8823,7060,Lamibur,3,11,0,3,3,7,0,0,0,0,0,0,5306,339.059997558594,294,15,50,96,57,37,0,0,10
12149,1270,Bloodpainter,3,11,0,3,2,7,0,0,0,0,0,0,5246,347.179992675781,290,15,50,100,47,37,0,0,13
16355,8310,Meatcarver Tolog,3,11,0,3,2,7,0,0,0,0,0,0,6553,215.220001220703,334,15,50,98,47,37,0,0,8
3743,780,Graybeard,3,11,0,3,1,7,0,0,0,0,0,0,4712,326.880004882812,346,15,50,95,87,37,0,0,15
5166,4690,Fleshmonger,3,11,0,3,1,7,0,0,0,0,0,0,4296,403.019989013672,299,15,50,95,87,37,0,0,13
16416,780,Graybeard,3,11,0,3,1,7,0,0,0,0,0,0,4712,326.880004882812,346,15,50,95,87,37,0,0,15
137,5160,Ripperfist,3,11,0,3,4,8,0,0,0,0,0,0,4475,428,256,15,50,97,7,37,0,0,13
14549,1760,Huntress,3,11,0,3,4,8,0,0,0,0,0,0,3960,397,322,15,50,97,7,37,0,0,11
259,2430,Totem,3,11,0,3,3,8,0,0,0,0,0,0,4594,343.119995117188,338,15,50,97,57,37,0,0,12
7657,5180,Wyvernbane,3,11,0,3,3,8,0,0,0,0,0,0,4118,407.079986572266,306,15,50,97,57,37,0,0,10
15739,270,Raider,3,11,0,3,3,8,0,0,0,0,0,0,4712,354.299987792969,318,15,50,95,57,37,0,0,13
7269,4400,Twinclaw Disciple,3,11,0,3,2,8,0,0,0,0,0,0,3722,443.619995117188,299,15,50,88,47,37,0,0,11
8819,1260,Goremask,3,11,0,3,2,8,0,0,0,0,0,0,4079,466.959991455078,252,15,50,101,47,37,0,0,17
13574,3090,Treefeller,3,11,0,3,2,8,0,0,0,0,0,0,4296,412.140014648438,290,15,50,98,47,37,0,0,14
15735,690,Ironclad,3,11,0,3,2,8,0,0,0,0,0,0,5782,322.820007324219,278,15,50,107,47,37,0,0,5
181,1320,Chopper,3,11,0,3,1,8,0,0,0,0,0,0,5425,306.580017089844,318,15,50,102,87,37,0,0,14
7603,4100,Pigsticker,3,11,0,3,1,8,0,0,0,0,0,0,4475,419.260009765625,272,15,50,99,87,37,0,0,13
7656,1480,Galek,3,11,0,3,1,8,0,0,0,0,0,0,4475,371.540008544922,318,15,50,106,87,37,0,0,13
8805,1290,Deathchanter,3,11,0,3,1,8,0,0,0,0,0,0,6138,272.059997558594,306,15,50,92,87,37,0,0,17
13553,1480,Galek,3,11,0,3,1,8,0,0,0,0,0,0,4475,371.540008544922,318,15,50,106,87,37,0,0,13
203,3070,Malbranche,3,11,0,3,4,9,0,0,0,0,0,0,4890,409,248,15,50,109,7,37,0,0,14
7279,2760,Marquis,3,11,0,3,4,9,0,0,0,0,0,0,5484,302,314,15,50,100,7,37,0,0,11
27,1470,Hellfang,3,11,0,3,3,9,0,0,0,0,0,0,4771,383.720001220703,287,15,50,102,57,37,0,0,17
3417,2940,Marquess,3,11,0,3,3,9,0,0,0,0,0,0,5663,294.399993896484,314,15,50,92,57,37,0,0,15
4038,6410,Hellfreak,3,11,0,3,3,9,0,0,0,0,0,0,5069,439.559997558594,212,15,50,105,57,37,0,0,15
4463,6170,Hellborn Sprite,3,11,0,3,3,9,0,0,0,0,0,0,5009,378.660003662109,275,15,50,97,57,37,0,0,11
8038,5740,Abyssal,3,11,0,3,3,9,0,0,0,0,0,0,5900,276.119995117187,318,15,50,93,57,37,0,0,11
16055,1460,Hound Spawn,3,11,0,3,2,9,0,0,0,0,0,0,4237,443.619995117188,264,15,50,96,47,37,0,0,15
16228,1460,Hound Spawn,3,11,0,3,2,9,0,0,0,0,0,0,4237,443.619995117188,264,15,50,96,47,37,0,0,15
16248,1460,Hound Spawn,3,11,0,3,2,9,0,0,0,0,0,0,4237,443.619995117188,264,15,50,96,47,37,0,0,15
16263,1460,Hound Spawn,3,11,0,3,2,9,0,0,0,0,0,0,4237,443.619995117188,264,15,50,96,47,37,0,0,15
16295,1460,Hound Spawn,3,11,0,3,2,9,0,0,0,0,0,0,4237,443.619995117188,264,15,50,96,47,37,0,0,15
6671,3350,Tormentor,3,11,0,3,1,9,0,0,0,0,0,0,4594,351.239990234375,330,15,50,99,87,37,0,0,14
14566,8330,Petrifya Rockroot,3,11,0,3,1,9,0,0,0,0,0,0,4475,390.839996337891,299,15,50,102,87,37,0,0,14
16246,1630,Diabolist,3,11,0,3,1,9,0,0,0,0,0,0,6019,335,252,15,50,108,87,37,0,0,10
16252,1630,Diabolist,3,11,0,3,1,9,0,0,0,0,0,0,6019,335,252,15,50,108,87,37,0,0,10
16441,1630,Diabolist,3,11,0,3,1,9,0,0,0,0,0,0,6019,335,252,15,50,108,87,37,0,0,10
16445,1630,Diabolist,3,11,0,3,1,9,0,0,0,0,0,0,6019,335,252,15,50,108,87,37,0,0,10
16482,1630,Diabolist,3,11,0,3,1,9,0,0,0,0,0,0,6019,335,252,15,50,108,87,37,0,0,10
16483,1630,Diabolist,3,11,0,3,1,9,0,0,0,0,0,0,6019,335,252,15,50,108,87,37,0,0,10
6856,3630,Amarantine Skeleton,3,11,0,3,4,10,0,0,0,0,0,0,5782,221,378,15,50,96,7,37,0,0,15
6860,3580,Stitched Beast,3,11,0,3,4,10,0,0,0,0,0,0,4594,406,272,15,50,104,7,37,0,0,15
6862,2520,Hollow,3,11,0,3,4,10,0,0,0,0,0,0,4296,409,287,15,50,92,7,37,0,0,12
14609,5200,Drowned Bloatwraith,3,11,0,3,4,10,0,0,0,0,0,0,4356,445,248,15,50,103,7,37,0,0,10
73,3060,Rotting Mage,3,11,0,3,3,10,0,0,0,0,0,0,5246,359.359985351562,278,15,50,103,57,37,0,0,10
1077,4070,Ghoulish Ranger,3,11,0,3,3,10,0,0,0,0,0,0,4079,458.859985351562,260,15,50,98,57,37,0,0,15
3151,4410,Corpulent Cadaver,3,11,0,3,3,10,0,0,0,0,0,0,6434,212.160003662109,346,15,50,99,57,37,0,0,15
12136,1200,Grinner,3,11,0,3,2,10,0,0,0,0,0,0,4415,314.700012207031,378,15,50,108,47,37,0,0,14
15723,2380,Wretch,3,11,0,3,2,10,0,0,0,0,0,0,4475,451.739990234375,240,15,50,100,47,37,0,0,12
9064,4730,Gravechill Killer,3,11,0,3,1,10,0,0,0,0,0,0,4356,390.839996337891,306,15,50,99,87,37,0,0,8
9560,20,Banshee,3,11,0,3,1,10,0,0,0,0,0,0,5306,326.880004882812,306,15,50,90,87,37,0,0,9
15730,3380,Temptress,3,11,0,3,1,10,0,0,0,0,0,0,3781,424.320007324219,314,15,50,102,87,37,0,0,11
3928,1890,Paragon,3,11,0,3,4,11,0,0,0,0,0,0,4594,322,354,15,50,99,7,37,0,0,10
12131,2860,Retainer,3,11,0,3,4,11,0,0,0,0,0,0,5246,224,409,15,50,96,7,37,0,0,13
14601,3140,Pain Keeper,3,11,0,3,4,11,0,0,0,0,0,0,5959,322,264,15,50,105,7,37,0,0,15
14604,2890,Eviscerator,3,11,0,3,4,11,0,0,0,0,0,0,3960,428,290,15,50,98,7,37,0,0,10
14605,1890,Paragon,3,11,0,3,4,11,0,0,0,0,0,0,4594,322,354,15,50,99,7,37,0,0,10
14607,3140,Pain Keeper,3,11,0,3,4,11,0,0,0,0,0,0,5959,322,264,15,50,105,7,37,0,0,15
8821,1970,Hexweaver,3,11,0,3,3,11,0,0,0,0,0,0,5306,303.52001953125,330,15,50,99,57,37,0,0,11
9740,2900,Wanderer,3,11,0,3,3,11,0,0,0,0,0,0,4356,455.799987792969,244,15,50,99,57,37,0,0,14
14568,60,Mystic Hand,3,11,0,3,2,11,0,0,0,0,0,0,5246,259.880004882813,378,15,50,91,47,37,0,0,12
15742,310,Judge,3,11,0,3,1,11,0,0,0,0,0,0,4118,455.799987792969,260,15,50,106,87,37,0,0,8
3927,6400,Ashwalker,3,11,0,3,4,12,0,0,0,0,0,0,3662,467,272,15,50,106,7,37,0,0,17
12125,2790,Daywalker,3,11,0,3,4,12,0,0,0,0,0,0,5128,302,338,15,50,94,7,37,0,0,5
12180,420,Renegade,3,11,0,3,4,12,0,0,0,0,0,0,5959,338,248,15,50,98,7,37,0,0,10
1163,8340,Longsword Torrux,3,11,0,3,3,12,0,0,0,0,0,0,4831,255.820007324219,409,15,50,99,57,37,0,0,14
2655,3120,Crimson Slayer,3,11,0,3,3,12,0,0,0,0,0,0,4475,351.239990234375,338,15,50,99,57,37,0,0,19
4174,900,Guardian,3,11,0,3,3,12,0,0,0,0,0,0,5959,276.119995117187,314,15,50,99,57,37,0,0,12
9558,250,Arcanist,3,11,0,3,2,12,0,0,0,0,0,0,5722,330.940002441406,275,15,50,96,47,37,0,0,8
4579,4470,Coffin Smasher,3,11,0,3,1,12,0,0,0,0,0,0,6613,224.339996337891,322,15,50,95,87,37,0,0,14
4587,340,Executioner,3,11,0,3,1,12,0,0,0,0,0,0,4712,276.119995117187,397,15,50,92,87,37,0,0,12
8615,340,Executioner,3,11,0,3,1,12,0,0,0,0,0,0,4712,276.119995117187,397,15,50,92,87,37,0,0,12
11926,1560,Theurgist,3,11,0,3,1,12,0,0,0,0,0,0,6019,306.580017089844,278,15,50,101,87,37,0,0,11
15741,1910,Magus,3,11,0,3,1,12,0,0,0,0,0,0,4534,412.140014648438,275,15,50,97,87,37,0,0,14
170,5720,Scrapper,3,11,0,3,4,13,0,0,0,0,0,0,4712,385,282,15,50,105,7,37,0,0,15
3946,2620,Skirmisher,3,11,0,3,4,13,0,0,0,0,0,0,5009,373,275,15,50,92,7,37,0,0,14
9326,3710,Ragemonger,3,11,0,3,4,13,0,0,0,0,0,0,4118,378,330,15,50,101,7,37,0,0,13
14610,2630,Ox,3,11,0,3,4,13,0,0,0,0,0,0,3960,354,366,15,50,101,7,37,0,0,12
111,5380,Tigersoul,3,11,0,3,3,13,0,0,0,0,0,0,3722,399.959991455078,342,15,50,99,57,37,0,0,19
4173,2090,Bloodbraid,3,11,0,3,3,13,0,0,0,0,0,0,6138,294.399993896484,282,15,50,92,57,37,0,0,14
4564,830,Berserker,3,11,0,3,3,13,0,0,0,0,0,0,4831,383.720001220703,282,15,50,101,57,37,0,0,11
13569,4440,Soulbond Bowyer,3,11,0,3,3,13,0,0,0,0,0,0,4594,394.899993896484,287,15,50,99,57,37,0,0,16
15574,4440,Soulbond Bowyer,3,11,0,3,3,13,0,0,0,0,0,0,4594,394.899993896484,287,15,50,99,57,37,0,0,16
10093,820,Warmaiden,3,11,0,3,2,13,0,0,0,0,0,0,5009,415.200012207031,240,15,50,100,47,37,0,0,13
11489,2100,Anointed,3,11,0,3,2,13,0,0,0,0,0,0,5009,259.880004882813,394,15,50,89,47,37,0,0,8
13372,820,Warmaiden,3,11,0,3,2,13,0,0,0,0,0,0,5009,415.200012207031,240,15,50,100,47,37,0,0,13
15946,820,Warmaiden,3,11,0,3,2,13,0,0,0,0,0,0,5009,415.200012207031,240,15,50,100,47,37,0,0,13
552,2030,Elder,3,11,0,3,1,13,0,0,0,0,0,0,4712,318.760009765625,354,15,50,95,87,37,0,0,6
7662,5140,Dunestrider,3,11,0,3,1,13,0,0,0,0,0,0,5069,415.200012207031,236,15,50,100,87,37,0,0,14
9791,1530,Marked,3,11,0,3,1,13,0,0,0,0,0,0,6316,286.279998779297,278,15,50,98,87,37,0,0,12
12150,3940,Hill Nomad,3,11,0,3,1,13,0,0,0,0,0,0,4415,390.839996337891,302,15,50,101,87,37,0,0,10
14608,9860,Glensage Cithrel,3,11,0,3,4,14,0,0,0,0,0,0,5128,342,299,15,50,105,7,37,0,0,11
8835,7750,Shadowbow Tirlac,3,11,0,3,3,14,0,0,0,0,0,0,4712,276.119995117187,397,15,50,98,57,37,0,0,11
8839,8060,Loneblade Riab,3,11,0,3,2,14,0,0,0,0,0,0,4019,403.019989013672,318,15,50,99,47,37,0,0,13
16468,8060,Loneblade Riab,3,11,0,3,2,14,0,0,0,0,0,0,4019,403.019989013672,318,15,50,99,47,37,0,0,13
102,8510,Tribuck Colwyn,3,11,0,3,1,14,0,0,0,0,0,0,4831,251.759994506836,413,15,50,105,87,37,0,0,9
3956,6070,Vagabond,3,11,0,3,3,15,0,0,0,0,0,0,4019,399.959991455078,322,15,50,97,57,37,0,0,12
13568,6060,Marauder,3,11,0,3,3,15,0,0,0,0,0,0,6830,255.820007324219,275,15,50,96,57,37,0,0,14
13924,5900,Bloodmask,3,11,0,3,2,15,0,0,0,0,0,0,6316,231.460006713867,334,15,50,96,47,37,0,0,11
15091,6600,Itinerant,3,11,0,3,2,15,0,0,0,0,0,0,4534,434.5,252,15,50,93,47,37,0,0,9
15720,6180,Odachi,3,11,0,3,2,15,0,0,0,0,0,0,4831,294.399993896484,370,15,50,97,47,37,0,0,11
14834,5890,Lifetaker,3,11,0,3,1,15,0,0,0,0,0,0,5782,347.179992675781,256,15,50,102,87,37,0,0,11
15746,6190,Assassin,3,11,0,3,1,15,0,0,0,0,0,0,4534,427.380004882812,260,15,50,92,87,37,0,0,16
15759,9450,Redcloak Taneko,3,11,0,3,1,15,0,0,0,0,0,0,5306,259.880004882813,373,15,50,101,87,37,0,0,9
6847,5120,Dilgol,3,11,0,3,4,16,0,0,0,0,0,0,5188,310,326,15,50,99,7,37,0,0,15
121,4680,Hatchet Slinger,3,11,0,3,3,16,0,0,0,0,0,0,3366,419.260009765625,346,15,50,96,57,37,0,0,11
126,5130,Gloril Brutebane,3,11,0,3,3,16,0,0,0,0,0,0,5484,383.720001220703,240,15,50,93,57,37,0,0,12
6695,4190,Madman,3,11,0,3,3,16,0,0,0,0,0,0,4594,427.380004882812,256,15,50,102,57,52,0,0,12
15571,5470,Boltsmith,3,11,0,3,2,16,0,0,0,0,0,0,4950,466.959991455078,193,15,50,97,47,37,0,0,11
15966,4320,Honor Guard,3,11,0,3,2,16,0,0,0,0,0,0,4950,255.820007324219,401,15,50,102,47,52,0,0,17
120,5450,Flailer,3,11,0,3,1,16,0,0,0,0,0,0,5009,326.880004882812,326,15,50,96,87,37,0,0,11
148,4670,Cudgeler,3,11,0,3,1,16,0,0,0,0,0,0,4950,363.420013427734,294,15,50,101,87,37,0,0,13
9042,5250,Avir the Alchemage,3,11,0,3,1,16,0,0,0,0,0,0,5365,286.279998779297,342,15,50,105,87,37,0,0,11
13362,4170,Runic Warder,3,11,0,3,1,16,0,0,0,0,0,0,5959,286.279998779297,302,15,50,106,87,52,0,0,12
13566,6390,Candleguard,3,11,0,3,1,16,0,0,0,0,0,0,5009,387.779998779297,268,15,50,97,87,37,0,0,8
6855,10160,Sunken Sentinel,3,11,0,3,4,17,0,0,0,0,0,0,3806,364,290,15,50,95,0,30,0,0,12
12265,10360,Crimson Pegason,3,11,0,3,2,17,0,0,0,0,0,0,5728,232.759994506836,298,15,50,96,40,30,0,0,8
13584,10150,Bladerider,3,11,0,3,1,17,0,0,0,0,0,0,4355,402.5,222,15,50,98,80,30,0,0,12
15851,4470,Coffin Smasher,3,10,0,3,1,12,0,0,0,0,0,0,6474,218.259994506836,316,15,50,95,87,37,0,0,14
16251,1630,Diabolist,3,1,0,3,1,9,0,0,0,0,0,0,4910,273.080017089844,206,15,50,108,87,37,0,0,10
16268,1630,Diabolist,3,1,0,3,1,9,0,0,0,0,0,0,4910,273.080017089844,206,15,50,108,87,37,0,0,10
16269,1630,Diabolist,3,1,0,3,1,9,0,0,0,0,0,0,4910,273.080017089844,206,15,50,108,87,37,0,0,10
16294,1630,Diabolist,3,1,0,3,1,9,0,0,0,0,0,0,4910,273.080017089844,206,15,50,108,87,37,0,0,10
16367,1630,Diabolist,3,1,0,3,1,9,0,0,0,0,0,0,4910,273.080017089844,206,15,50,108,87,37,0,0,10
15128,1450,Incubus,5,17,0,2,2,9,0,0,0,0,0,0,6222,632.200012207031,518,15,50,95,40,30,0,0,10
15164,1450,Incubus,5,17,0,2,2,9,0,0,0,0,0,0,6222,632.200012207031,518,15,50,95,40,30,0,0,10
16208,1450,Incubus,5,17,0,2,2,9,0,0,0,0,0,0,6222,632.200012207031,518,15,50,95,40,30,0,0,10
16209,1450,Incubus,5,17,0,2,2,9,0,0,0,0,0,0,6222,632.200012207031,518,15,50,95,40,30,0,0,10
16283,530,Duelist,3,11,0,2,2,1,0,0,0,0,0,0,3331,354.720001220703,248,15,50,101,40,30,0,0,13
15977,790,Archer,3,11,0,2,1,1,0,0,0,0,0,0,3971,332.359985351562,226,15,50,97,80,30,0,0,11
16412,3780,Word Bearer,3,11,0,2,1,1,0,0,0,0,0,0,4300,291.700012207031,244,15,50,96,80,30,0,0,10
16422,3780,Word Bearer,3,11,0,2,1,1,0,0,0,0,0,0,4300,291.700012207031,244,15,50,96,80,30,0,0,10
16105,1720,Elfguard,3,11,0,2,3,2,0,0,0,0,0,0,3916,336.420013427734,226,15,50,92,50,30,0,0,9
16447,1410,Intercessor,3,11,0,2,2,3,0,0,0,0,0,0,3806,291.700012207031,276,15,50,102,40,30,0,0,8
16233,1420,Battle Sister,3,11,0,2,1,3,0,0,0,0,0,0,4355,305.940002441406,226,15,50,101,80,30,0,0,10
16317,4350,Vilespawn,3,11,0,2,3,9,0,0,0,0,0,0,4081,283.580017089844,265,15,50,91,50,30,0,0,12
16267,1450,Incubus,3,11,0,2,2,9,0,0,0,0,0,0,3276,332.359985351562,272,15,50,95,40,30,0,0,10
16291,1450,Incubus,3,11,0,2,2,9,0,0,0,0,0,0,3276,332.359985351562,272,15,50,95,40,30,0,0,10
16292,1450,Incubus,3,11,0,2,2,9,0,0,0,0,0,0,3276,332.359985351562,272,15,50,95,40,30,0,0,10
16293,1450,Incubus,3,11,0,2,2,9,0,0,0,0,0,0,3276,332.359985351562,272,15,50,95,40,30,0,0,10
16440,1450,Incubus,3,11,0,2,2,9,0,0,0,0,0,0,3276,332.359985351562,272,15,50,95,40,30,0,0,10
16442,1450,Incubus,3,11,0,2,2,9,0,0,0,0,0,0,3276,332.359985351562,272,15,50,95,40,30,0,0,10
16443,1450,Incubus,3,11,0,2,2,9,0,0,0,0,0,0,3276,332.359985351562,272,15,50,95,40,30,0,0,10
16444,1450,Incubus,3,11,0,2,2,9,0,0,0,0,0,0,3276,332.359985351562,272,15,50,95,40,30,0,0,10
16477,1450,Incubus,3,11,0,2,2,9,0,0,0,0,0,0,3276,332.359985351562,272,15,50,95,40,30,0,0,10
16478,1450,Incubus,3,11,0,2,2,9,0,0,0,0,0,0,3276,332.359985351562,272,15,50,95,40,30,0,0,10
16479,1450,Incubus,3,11,0,2,2,9,0,0,0,0,0,0,3276,332.359985351562,272,15,50,95,40,30,0,0,10
16282,1220,Redeemer,3,11,0,2,2,11,0,0,0,0,0,0,3770,314.059997558594,257,15,50,92,40,30,0,0,9
16436,1220,Redeemer,3,11,0,2,2,11,0,0,0,0,0,0,3770,314.059997558594,257,15,50,92,40,30,0,0,9
16453,1220,Redeemer,3,11,0,2,2,11,0,0,0,0,0,0,3770,314.059997558594,257,15,50,92,40,30,0,0,9
16472,1220,Redeemer,3,11,0,2,2,11,0,0,0,0,0,0,3770,314.059997558594,257,15,50,92,40,30,0,0,9
15953,2970,Zephyr Sniper,3,11,0,2,3,13,0,0,0,0,0,0,3916,188.039993286133,371,15,50,100,50,30,0,0,5
16185,2420,Crusher,3,11,0,2,3,13,0,0,0,0,0,0,4246,276.460021972656,261,15,50,96,50,30,0,0,8
16258,2420,Crusher,3,11,0,2,3,13,0,0,0,0,0,0,4246,276.460021972656,261,15,50,96,50,30,0,0,8
16314,2420,Crusher,3,11,0,2,3,13,0,0,0,0,0,0,4246,276.460021972656,261,15,50,96,50,30,0,0,8
16388,2970,Zephyr Sniper,3,11,0,2,3,13,0,0,0,0,0,0,3916,188.039993286133,371,15,50,100,50,30,0,0,5
16345,810,Spiritwalker,3,11,0,2,2,13,0,0,0,0,0,0,2946,402.5,226,15,50,90,40,30,0,0,7
15972,3730,Head Taker,3,11,0,2,1,13,0,0,0,0,0,0,4465,269.339996337891,254,15,50,97,80,30,0,0,10
16245,1550,Ritualist,3,11,0,2,1,13,0,0,0,0,0,0,4136,302.880004882812,244,15,50,96,80,30,0,0,9
16332,2480,Dervish,3,11,0,2,1,13,0,0,0,0,0,0,3001,314.059997558594,309,15,50,96,80,30,0,0,9
16380,2480,Dervish,3,11,0,2,1,13,0,0,0,0,0,0,3001,314.059997558594,309,15,50,96,80,30,0,0,9
15957,8450,Branchweaver,3,11,0,2,3,14,0,0,0,0,0,0,4959,232.759994506836,257,15,50,94,50,30,0,0,4
16013,1720,Elfguard,3,10,0,2,3,2,0,0,0,0,0,0,3843,330.320007324219,221,15,50,92,50,30,0,0,9
16067,1670,Throatcutter,3,10,0,2,3,8,0,0,0,0,0,0,3623,333.380004882812,232,15,50,88,50,30,0,0,10
15634,3810,Frontline Warrior,2,1,0,2,3,1,0,0,0,0,0,0,2050,96.5599975585938,207,15,50,93,50,30,0,0,4
15931,3810,Frontline Warrior,2,1,0,2,3,1,0,0,0,0,0,0,2050,96.5599975585938,207,15,50,93,50,30,0,0,4
15530,1250,Jaeger,2,1,0,2,3,2,0,0,0,0,0,0,2342,184.979995727539,101,15,50,100,50,30,0,0,10
15667,1250,Jaeger,2,1,0,2,3,2,0,0,0,0,0,0,2342,184.979995727539,101,15,50,100,50,30,0,0,10
16476,1720,Elfguard,2,1,0,2,3,2,0,0,0,0,0,0,2104,180.919998168945,121,15,50,92,50,30,0,0,9
15524,860,Vigilante,2,1,0,2,3,3,0,0,0,0,0,0,2635,126.040000915527,139,15,50,98,50,30,0,0,10
15633,1050,Armiger,2,1,0,2,3,3,0,0,0,0,0,0,2452,133.139999389648,144,15,50,92,50,30,0,0,9
15651,80,Militia,2,1,0,2,3,3,0,0,0,0,0,0,2159,175.839996337891,121,15,50,102,50,30,0,0,8
15832,80,Militia,2,1,0,2,3,3,0,0,0,0,0,0,2159,175.839996337891,121,15,50,102,50,30,0,0,8
15899,1050,Armiger,2,1,0,2,3,3,0,0,0,0,0,0,2452,133.139999389648,144,15,50,92,50,30,0,0,9
15927,860,Vigilante,2,1,0,2,3,3,0,0,0,0,0,0,2635,126.040000915527,139,15,50,98,50,30,0,0,10
16006,1050,Armiger,2,1,0,2,3,3,0,0,0,0,0,0,2452,133.139999389648,144,15,50,92,50,30,0,0,9
16085,860,Vigilante,2,1,0,2,3,3,0,0,0,0,0,0,2635,126.040000915527,139,15,50,98,50,30,0,0,10
16177,80,Militia,2,1,0,2,3,3,0,0,0,0,0,0,2159,175.839996337891,121,15,50,102,50,30,0,0,8
16322,80,Militia,2,1,0,2,3,3,0,0,0,0,0,0,2159,175.839996337891,121,15,50,102,50,30,0,0,8
16409,80,Militia,2,1,0,2,3,3,0,0,0,0,0,0,2159,175.839996337891,121,15,50,102,50,30,0,0,8
16413,2110,Crusader,2,1,0,2,2,3,0,0,0,0,0,0,2050,170.759994506836,134,15,50,92,40,30,0,0,9
15688,3340,Thrasher,2,1,0,2,3,5,0,0,0,0,0,0,1848,180.919998168945,139,15,50,93,50,30,0,0,8
16316,3340,Thrasher,2,1,0,2,3,5,0,0,0,0,0,0,1848,180.919998168945,139,15,50,93,50,30,0,0,8
16391,3320,Hungerer,2,1,0,2,2,5,0,0,0,0,0,0,2782,111.800003051758,144,15,50,92,40,30,0,0,8
15467,1170,Saurus,2,1,0,2,3,6,0,0,0,0,0,0,2086,195.139999389648,110,15,50,83,50,30,0,0,7
16075,1170,Saurus,2,1,0,2,3,6,0,0,0,0,0,0,2086,195.139999389648,110,15,50,83,50,30,0,0,7
16182,1170,Saurus,2,1,0,2,3,6,0,0,0,0,0,0,2086,195.139999389648,110,15,50,83,50,30,0,0,7
16385,1690,Stalker,2,1,0,2,1,6,0,0,0,0,0,0,2342,126.040000915527,159,15,50,94,80,30,0,0,9
16426,1690,Stalker,2,1,0,2,1,6,0,0,0,0,0,0,2342,126.040000915527,159,15,50,94,80,30,0,0,9
16450,1690,Stalker,2,1,0,2,1,6,0,0,0,0,0,0,2342,126.040000915527,159,15,50,94,80,30,0,0,9
15528,770,Satyr,2,1,0,2,3,7,0,0,0,0,0,0,2287,146.360000610352,143,15,50,83,50,30,0,0,11
15649,770,Satyr,2,1,0,2,3,7,0,0,0,0,0,0,2287,146.360000610352,143,15,50,83,50,30,0,0,11
15935,770,Satyr,2,1,0,2,3,7,0,0,0,0,0,0,2287,146.360000610352,143,15,50,83,50,30,0,0,11
16480,4360,Suntribe,2,1,0,2,1,8,0,0,0,0,0,0,2690,122.980003356934,139,15,50,95,80,30,0,0,8
16446,1450,Incubus,2,1,0,2,2,9,0,0,0,0,0,0,1757,178.880004882813,146,15,50,95,40,30,0,0,10
16481,1450,Incubus,2,1,0,2,2,9,0,0,0,0,0,0,1757,178.880004882813,146,15,50,95,40,30,0,0,10
16484,1450,Incubus,2,1,0,2,2,9,0,0,0,0,0,0,1757,178.880004882813,146,15,50,95,40,30,0,0,10
16485,1450,Incubus,2,1,0,2,2,9,0,0,0,0,0,0,1757,178.880004882813,146,15,50,95,40,30,0,0,10
16465,2150,Lemure,2,1,0,2,1,9,0,0,0,0,0,0,2782,102.660003662109,152,15,50,93,80,30,0,0,7
16421,470,Skullsquire,2,1,0,2,2,10,0,0,0,0,0,0,2141,180.919998168945,120,15,50,107,40,30,0,0,10
15478,1380,Herald,2,1,0,2,3,12,0,0,0,0,0,0,2727,122.980003356934,137,15,50,99,50,30,0,0,7
15648,1380,Herald,2,1,0,2,3,12,0,0,0,0,0,0,2727,122.980003356934,137,15,50,99,50,30,0,0,7
15918,1380,Herald,2,1,0,2,3,12,0,0,0,0,0,0,2727,122.980003356934,137,15,50,99,50,30,0,0,7
16449,1380,Herald,2,1,0,2,3,12,0,0,0,0,0,0,2727,122.980003356934,137,15,50,99,50,30,0,0,7
15345,840,Outlander,2,1,0,2,3,13,0,0,0,0,0,0,1501,201.240005493164,143,15,50,96,50,30,0,0,11
15355,1850,Shieldguard,2,1,0,2,3,13,0,0,0,0,0,0,2452,121.959999084473,156,15,50,89,50,30,0,0,11
15428,840,Outlander,2,1,0,2,3,13,0,0,0,0,0,0,1501,201.240005493164,143,15,50,96,50,30,0,0,11
15440,1850,Shieldguard,2,1,0,2,3,13,0,0,0,0,0,0,2452,121.959999084473,156,15,50,89,50,30,0,0,11
15508,3840,Sandbow,2,1,0,2,3,13,0,0,0,0,0,0,2141,172.779998779297,127,15,50,96,50,30,0,0,12
15624,1850,Shieldguard,2,1,0,2,3,13,0,0,0,0,0,0,2452,121.959999084473,156,15,50,89,50,30,0,0,11
15646,1990,Outrider,2,1,0,2,3,13,0,0,0,0,0,0,1995,165.679992675781,143,15,50,99,50,30,0,0,9
15707,1850,Shieldguard,2,1,0,2,3,13,0,0,0,0,0,0,2452,121.959999084473,156,15,50,89,50,30,0,0,11
15833,1850,Shieldguard,2,1,0,2,3,13,0,0,0,0,0,0,2452,121.959999084473,156,15,50,89,50,30,0,0,11
15982,840,Outlander,2,1,0,2,3,13,0,0,0,0,0,0,1501,201.240005493164,143,15,50,96,50,30,0,0,11
16030,1990,Outrider,2,1,0,2,3,13,0,0,0,0,0,0,1995,165.679992675781,143,15,50,99,50,30,0,0,9
16045,840,Outlander,2,1,0,2,3,13,0,0,0,0,0,0,1501,201.240005493164,143,15,50,96,50,30,0,0,11
16174,3840,Sandbow,2,1,0,2,3,13,0,0,0,0,0,0,2141,172.779998779297,127,15,50,96,50,30,0,0,12
16180,1990,Outrider,2,1,0,2,3,13,0,0,0,0,0,0,1995,165.679992675781,143,15,50,99,50,30,0,0,9
16255,1990,Outrider,2,1,0,2,3,13,0,0,0,0,0,0,1995,165.679992675781,143,15,50,99,50,30,0,0,9
16277,1850,Shieldguard,2,1,0,2,3,13,0,0,0,0,0,0,2452,121.959999084473,156,15,50,89,50,30,0,0,11
16427,8440,Glenspear,2,1,0,2,1,14,0,0,0,0,0,0,1867,184.979995727539,133,15,50,94,80,30,0,0,4
15471,5910,Conscript,2,1,0,2,3,15,0,0,0,0,0,0,1867,178.880004882813,139,15,50,86,50,30,0,0,11
15527,5910,Conscript,2,1,0,2,3,15,0,0,0,0,0,0,1867,178.880004882813,139,15,50,86,50,30,0,0,11
15713,5910,Conscript,2,1,0,2,3,15,0,0,0,0,0,0,1867,178.880004882813,139,15,50,86,50,30,0,0,11
15820,5910,Conscript,2,1,0,2,3,15,0,0,0,0,0,0,1867,178.880004882813,139,15,50,86,50,30,0,0,11
16091,5910,Conscript,2,1,0,2,3,15,0,0,0,0,0,0,1867,178.880004882813,139,15,50,86,50,30,0,0,11
16451,5910,Conscript,2,1,0,2,3,15,0,0,0,0,0,0,1867,178.880004882813,139,15,50,86,50,30,0,0,11
15435,4340,Tunnel Steward,2,1,0,2,3,16,0,0,0,0,0,0,1372,195.139999389648,156,15,50,95,50,30,0,0,13
15872,4340,Tunnel Steward,2,1,0,2,3,16,0,0,0,0,0,0,1372,195.139999389648,156,15,50,95,50,30,0,0,13
16226,4220,Slicer,2,1,0,2,3,16,0,0,0,0,0,0,2379,165.679992675781,117,15,50,90,50,30,0,0,11
16273,4340,Tunnel Steward,2,1,0,2,3,16,0,0,0,0,0,0,1372,195.139999389648,156,15,50,95,50,30,0,0,13
16356,4340,Tunnel Steward,2,1,0,2,3,16,0,0,0,0,0,0,1372,195.139999389648,156,15,50,95,50,30,0,0,13
16406,4230,Line Infantry,2,1,0,2,2,16,0,0,0,0,0,0,2141,121.959999084473,178,15,50,87,40,30,0,0,13
16338,220,Bandit,2,1,0,1,3,1,0,0,0,0,0,0,1519,175.839996337891,115,15,50,98,50,30,0,0,6
16342,220,Bandit,2,1,0,1,3,1,0,0,0,0,0,0,1519,175.839996337891,115,15,50,98,50,30,0,0,6
16344,1090,Troglodyte,2,1,0,1,3,6,0,0,0,0,0,0,1720,136.199996948242,140,15,50,87,50,30,0,0,4
16336,2290,Hellhound,2,1,0,1,3,10,0,0,0,0,0,0,1812,136.199996948242,134,15,50,94,50,30,0,0,5
16454,720,Swordsman,1,1,0,1,1,1,0,0,0,0,0,0,897,107.73999786377,78,15,50,100,80,30,0,0,4
16459,850,Pikeman,1,1,0,1,1,1,0,0,0,0,0,0,1244,67.0800018310547,95,15,50,96,80,30,0,0,7
16469,720,Swordsman,1,1,0,1,1,1,0,0,0,0,0,0,897,107.73999786377,78,15,50,100,80,30,0,0,4
16471,850,Pikeman,1,1,0,1,1,1,0,0,0,0,0,0,1244,67.0800018310547,95,15,50,96,80,30,0,0,7
16452,2210,Novitiate,1,1,0,1,3,3,0,0,0,0,0,0,1135,100.620002746582,70,15,50,83,50,30,0,0,6
16455,2210,Novitiate,1,1,0,1,3,3,0,0,0,0,0,0,1135,100.620002746582,70,15,50,83,50,30,0,0,6
16460,1040,Knecht,1,1,0,1,3,3,0,0,0,0,0,0,1354,73.1800003051758,82,15,50,98,50,30,0,0,4
16461,1090,Troglodyte,1,1,0,1,3,6,0,0,0,0,0,0,1080,85.379997253418,88,15,50,87,50,30,0,0,4
16463,1090,Troglodyte,1,1,0,1,3,6,0,0,0,0,0,0,1080,85.379997253418,88,15,50,87,50,30,0,0,4
16462,680,Warboy,1,1,0,1,1,8,0,0,0,0,0,0,1464,66.0599975585938,82,15,50,91,80,30,0,0,4
16448,2290,Hellhound,1,1,0,1,3,10,0,0,0,0,0,0,1135,85.379997253418,84,15,50,94,50,30,0,0,5
16466,2290,Hellhound,1,1,0,1,3,10,0,0,0,0,0,0,1135,85.379997253418,84,15,50,94,50,30,0,0,5
16457,210,Death Hound,1,1,0,1,1,10,0,0,0,0,0,0,1189,102.660003662109,63,15,50,94,80,30,0,0,8
16467,200,Deathknight,1,1,0,1,1,10,0,0,0,0,0,0,1501,62,83,15,50,99,80,30,0,0,7
16470,200,Deathknight,1,1,0,1,1,10,0,0,0,0,0,0,1501,62,83,15,50,99,80,30,0,0,7
16456,3760,Lurker,1,1,0,1,1,11,0,0,0,0,0,0,1189,91.4800033569336,74,15,50,96,80,30,0,0,6
16474,3760,Lurker,1,1,0,1,1,11,0,0,0,0,0,0,1189,91.4800033569336,74,15,50,96,80,30,0,0,6
